file,id,change,basis
stars.json,Dubhe,欠損していた距離・解説・英名・観望情報等を補完,SIMBAD/Hipparcos系カタログ + スペクトル型
stars.json,Merak,欠損していた距離・解説・英名・観望情報等を補完,SIMBAD/Hipparcos系カタログ + スペクトル型
stars.json,Phecda,欠損していた距離・解説・英名・観望情報等を補完,SIMBAD/Hipparcos系カタログ + スペクトル型
stars.json,Megrez,欠損していた距離・解説・英名・観望情報等を補完,SIMBAD/Hipparcos系カタログ + スペクトル型
stars.json,Alioth,欠損していた距離・解説・英名・観望情報等を補完,SIMBAD/Hipparcos系カタログ + スペクトル型
stars.json,Alkaid,欠損していた距離・解説・英名・観望情報等を補完,SIMBAD/Hipparcos系カタログ + スペクトル型
stars.json,Schedar,欠損していた距離・解説・英名・観望情報等を補完,SIMBAD/Hipparcos系カタログ + スペクトル型
stars.json,Caph,欠損していた距離・解説・英名・観望情報等を補完,SIMBAD/Hipparcos系カタログ + スペクトル型
stars.json,GammaCas,欠損していた距離・解説・英名・観望情報等を補完,SIMBAD/Hipparcos系カタログ + スペクトル型
stars.json,Ruchbah,欠損していた距離・解説・英名・観望情報等を補完,SIMBAD/Hipparcos系カタログ + スペクトル型
stars.json,Segin,欠損していた距離・解説・英名・観望情報等を補完,SIMBAD/Hipparcos系カタログ + スペクトル型
stars.json,Bellatrix,欠損していた距離・解説・英名・観望情報等を補完,SIMBAD/Hipparcos系カタログ + スペクトル型
stars.json,Alnilam,欠損していた距離・解説・英名・観望情報等を補完,SIMBAD/Hipparcos系カタログ + スペクトル型
stars.json,Alnitak,欠損していた距離・解説・英名・観望情報等を補完,SIMBAD/Hipparcos系カタログ + スペクトル型
stars.json,Mintaka,欠損していた距離・解説・英名・観望情報等を補完,SIMBAD/Hipparcos系カタログ + スペクトル型
stars.json,Saiph,欠損していた距離・解説・英名・観望情報等を補完,SIMBAD/Hipparcos系カタログ + スペクトル型
stars.json,Denebola,欠損していた距離・解説・英名・観望情報等を補完,SIMBAD/Hipparcos系カタログ + スペクトル型
stars.json,Algieba,欠損していた距離・解説・英名・観望情報等を補完,SIMBAD/Hipparcos系カタログ + スペクトル型
stars.json,Zosma,欠損していた距離・解説・英名・観望情報等を補完,SIMBAD/Hipparcos系カタログ + スペクトル型
stars.json,Shaula,欠損していた距離・解説・英名・観望情報等を補完,SIMBAD/Hipparcos系カタログ + スペクトル型
stars.json,Sargas,欠損していた距離・解説・英名・観望情報等を補完,SIMBAD/Hipparcos系カタログ + スペクトル型
stars.json,Dschubba,欠損していた距離・解説・英名・観望情報等を補完,SIMBAD/Hipparcos系カタログ + スペクトル型
stars.json,Acrab,欠損していた距離・解説・英名・観望情報等を補完,SIMBAD/Hipparcos系カタログ + スペクトル型
stars.json,KausAust,欠損していた距離・解説・英名・観望情報等を補完,SIMBAD/Hipparcos系カタログ + スペクトル型
stars.json,Nunki,欠損していた距離・解説・英名・観望情報等を補完,SIMBAD/Hipparcos系カタログ + スペクトル型
stars.json,Ascella,欠損していた距離・解説・英名・観望情報等を補完,SIMBAD/Hipparcos系カタログ + スペクトル型
stars.json,Alpheratz,欠損していた距離・解説・英名・観望情報等を補完,SIMBAD/Hipparcos系カタログ + スペクトル型
stars.json,Mirach,欠損していた距離・解説・英名・観望情報等を補完,SIMBAD/Hipparcos系カタログ + スペクトル型
stars.json,Markab,欠損していた距離・解説・英名・観望情報等を補完,SIMBAD/Hipparcos系カタログ + スペクトル型
stars.json,Scheat,欠損していた距離・解説・英名・観望情報等を補完,SIMBAD/Hipparcos系カタログ + スペクトル型
stars.json,Algenib,欠損していた距離・解説・英名・観望情報等を補完,SIMBAD/Hipparcos系カタログ + スペクトル型
stars.json,Sadr,欠損していた距離・解説・英名・観望情報等を補完,SIMBAD/Hipparcos系カタログ + スペクトル型
stars.json,GienahCyg,欠損していた距離・解説・英名・観望情報等を補完,SIMBAD/Hipparcos系カタログ + スペクトル型
stars.json,Eltanin,欠損していた距離・解説・英名・観望情報等を補完,SIMBAD/Hipparcos系カタログ + スペクトル型
stars.json,Rastaban,欠損していた距離・解説・英名・観望情報等を補完,SIMBAD/Hipparcos系カタログ + スペクトル型
stars.json,Kochab,欠損していた距離・解説・英名・観望情報等を補完,SIMBAD/Hipparcos系カタログ + スペクトル型
stars.json,Pherkad,欠損していた距離・解説・英名・観望情報等を補完,SIMBAD/Hipparcos系カタログ + スペクトル型
stars.json,Hamal,欠損していた距離・解説・英名・観望情報等を補完,SIMBAD/Hipparcos系カタログ + スペクトル型
stars.json,Sheratan,欠損していた距離・解説・英名・観望情報等を補完,SIMBAD/Hipparcos系カタログ + スペクトル型
stars.json,Mirfak,欠損していた距離・解説・英名・観望情報等を補完,SIMBAD/Hipparcos系カタログ + スペクトル型
stars.json,Algol,欠損していた距離・解説・英名・観望情報等を補完,SIMBAD/Hipparcos系カタログ + スペクトル型
stars.json,Fawaris,欠損していた距離・解説・英名・観望情報等を補完,SIMBAD/Hipparcos系カタログ + スペクトル型
deep-sky.json,M9,catalog_onlyから詳細解説へ昇格。距離・観望・科学解説・ハイライトを補完,NASA Hubble Messier + catalog metadata
deep-sky.json,M10,catalog_onlyから詳細解説へ昇格。距離・観望・科学解説・ハイライトを補完,NASA Hubble Messier + catalog metadata
deep-sky.json,M12,catalog_onlyから詳細解説へ昇格。距離・観望・科学解説・ハイライトを補完,NASA Hubble Messier + catalog metadata
deep-sky.json,M14,catalog_onlyから詳細解説へ昇格。距離・観望・科学解説・ハイライトを補完,NASA Hubble Messier + catalog metadata
deep-sky.json,M18,catalog_onlyから詳細解説へ昇格。距離・観望・科学解説・ハイライトを補完,NASA Hubble Messier + catalog metadata
deep-sky.json,M19,catalog_onlyから詳細解説へ昇格。距離・観望・科学解説・ハイライトを補完,NASA Hubble Messier + catalog metadata
deep-sky.json,M21,catalog_onlyから詳細解説へ昇格。距離・観望・科学解説・ハイライトを補完,NASA Hubble Messier + catalog metadata
deep-sky.json,M23,catalog_onlyから詳細解説へ昇格。距離・観望・科学解説・ハイライトを補完,NASA Hubble Messier + catalog metadata
deep-sky.json,M24,catalog_onlyから詳細解説へ昇格。距離・観望・科学解説・ハイライトを補完,NASA Hubble Messier + catalog metadata
deep-sky.json,M25,catalog_onlyから詳細解説へ昇格。距離・観望・科学解説・ハイライトを補完,NASA Hubble Messier + catalog metadata
deep-sky.json,M26,catalog_onlyから詳細解説へ昇格。距離・観望・科学解説・ハイライトを補完,NASA Hubble Messier + catalog metadata
deep-sky.json,M28,catalog_onlyから詳細解説へ昇格。距離・観望・科学解説・ハイライトを補完,NASA Hubble Messier + catalog metadata
deep-sky.json,M29,catalog_onlyから詳細解説へ昇格。距離・観望・科学解説・ハイライトを補完,NASA Hubble Messier + catalog metadata
deep-sky.json,M30,catalog_onlyから詳細解説へ昇格。距離・観望・科学解説・ハイライトを補完,NASA Hubble Messier + catalog metadata
deep-sky.json,M32,catalog_onlyから詳細解説へ昇格。距離・観望・科学解説・ハイライトを補完,NASA Hubble Messier + catalog metadata
deep-sky.json,M34,catalog_onlyから詳細解説へ昇格。距離・観望・科学解説・ハイライトを補完,NASA Hubble Messier + catalog metadata
deep-sky.json,M39,catalog_onlyから詳細解説へ昇格。距離・観望・科学解説・ハイライトを補完,NASA Hubble Messier + catalog metadata
deep-sky.json,M40,catalog_onlyから詳細解説へ昇格。距離・観望・科学解説・ハイライトを補完,NASA Hubble Messier + catalog metadata
deep-sky.json,M43,catalog_onlyから詳細解説へ昇格。距離・観望・科学解説・ハイライトを補完,NASA Hubble Messier + catalog metadata
deep-sky.json,M46,catalog_onlyから詳細解説へ昇格。距離・観望・科学解説・ハイライトを補完,NASA Hubble Messier + catalog metadata
deep-sky.json,M47,catalog_onlyから詳細解説へ昇格。距離・観望・科学解説・ハイライトを補完,NASA Hubble Messier + catalog metadata
deep-sky.json,M48,catalog_onlyから詳細解説へ昇格。距離・観望・科学解説・ハイライトを補完,NASA Hubble Messier + catalog metadata
deep-sky.json,M49,catalog_onlyから詳細解説へ昇格。距離・観望・科学解説・ハイライトを補完,NASA Hubble Messier + catalog metadata
deep-sky.json,M50,catalog_onlyから詳細解説へ昇格。距離・観望・科学解説・ハイライトを補完,NASA Hubble Messier + catalog metadata
deep-sky.json,M52,catalog_onlyから詳細解説へ昇格。距離・観望・科学解説・ハイライトを補完,NASA Hubble Messier + catalog metadata
deep-sky.json,M53,catalog_onlyから詳細解説へ昇格。距離・観望・科学解説・ハイライトを補完,NASA Hubble Messier + catalog metadata
deep-sky.json,M54,catalog_onlyから詳細解説へ昇格。距離・観望・科学解説・ハイライトを補完,NASA Hubble Messier + catalog metadata
deep-sky.json,M55,catalog_onlyから詳細解説へ昇格。距離・観望・科学解説・ハイライトを補完,NASA Hubble Messier + catalog metadata
deep-sky.json,M56,catalog_onlyから詳細解説へ昇格。距離・観望・科学解説・ハイライトを補完,NASA Hubble Messier + catalog metadata
deep-sky.json,M58,catalog_onlyから詳細解説へ昇格。距離・観望・科学解説・ハイライトを補完,NASA Hubble Messier + catalog metadata
deep-sky.json,M59,catalog_onlyから詳細解説へ昇格。距離・観望・科学解説・ハイライトを補完,NASA Hubble Messier + catalog metadata
deep-sky.json,M60,catalog_onlyから詳細解説へ昇格。距離・観望・科学解説・ハイライトを補完,NASA Hubble Messier + catalog metadata
deep-sky.json,M61,catalog_onlyから詳細解説へ昇格。距離・観望・科学解説・ハイライトを補完,NASA Hubble Messier + catalog metadata
deep-sky.json,M62,catalog_onlyから詳細解説へ昇格。距離・観望・科学解説・ハイライトを補完,NASA Hubble Messier + catalog metadata
deep-sky.json,M67,catalog_onlyから詳細解説へ昇格。距離・観望・科学解説・ハイライトを補完,NASA Hubble Messier + catalog metadata
deep-sky.json,M68,catalog_onlyから詳細解説へ昇格。距離・観望・科学解説・ハイライトを補完,NASA Hubble Messier + catalog metadata
deep-sky.json,M69,catalog_onlyから詳細解説へ昇格。距離・観望・科学解説・ハイライトを補完,NASA Hubble Messier + catalog metadata
deep-sky.json,M70,catalog_onlyから詳細解説へ昇格。距離・観望・科学解説・ハイライトを補完,NASA Hubble Messier + catalog metadata
deep-sky.json,M71,catalog_onlyから詳細解説へ昇格。距離・観望・科学解説・ハイライトを補完,NASA Hubble Messier + catalog metadata
deep-sky.json,M72,catalog_onlyから詳細解説へ昇格。距離・観望・科学解説・ハイライトを補完,NASA Hubble Messier + catalog metadata
deep-sky.json,M73,catalog_onlyから詳細解説へ昇格。距離・観望・科学解説・ハイライトを補完,NASA Hubble Messier + catalog metadata
deep-sky.json,M74,catalog_onlyから詳細解説へ昇格。距離・観望・科学解説・ハイライトを補完,NASA Hubble Messier + catalog metadata
deep-sky.json,M75,catalog_onlyから詳細解説へ昇格。距離・観望・科学解説・ハイライトを補完,NASA Hubble Messier + catalog metadata
deep-sky.json,M76,catalog_onlyから詳細解説へ昇格。距離・観望・科学解説・ハイライトを補完,NASA Hubble Messier + catalog metadata
deep-sky.json,M77,catalog_onlyから詳細解説へ昇格。距離・観望・科学解説・ハイライトを補完,NASA Hubble Messier + catalog metadata
deep-sky.json,M78,catalog_onlyから詳細解説へ昇格。距離・観望・科学解説・ハイライトを補完,NASA Hubble Messier + catalog metadata
deep-sky.json,M79,catalog_onlyから詳細解説へ昇格。距離・観望・科学解説・ハイライトを補完,NASA Hubble Messier + catalog metadata
deep-sky.json,M80,catalog_onlyから詳細解説へ昇格。距離・観望・科学解説・ハイライトを補完,NASA Hubble Messier + catalog metadata
deep-sky.json,M83,catalog_onlyから詳細解説へ昇格。距離・観望・科学解説・ハイライトを補完,NASA Hubble Messier + catalog metadata
deep-sky.json,M84,catalog_onlyから詳細解説へ昇格。距離・観望・科学解説・ハイライトを補完,NASA Hubble Messier + catalog metadata
deep-sky.json,M85,catalog_onlyから詳細解説へ昇格。距離・観望・科学解説・ハイライトを補完,NASA Hubble Messier + catalog metadata
deep-sky.json,M86,catalog_onlyから詳細解説へ昇格。距離・観望・科学解説・ハイライトを補完,NASA Hubble Messier + catalog metadata
deep-sky.json,M88,catalog_onlyから詳細解説へ昇格。距離・観望・科学解説・ハイライトを補完,NASA Hubble Messier + catalog metadata
deep-sky.json,M89,catalog_onlyから詳細解説へ昇格。距離・観望・科学解説・ハイライトを補完,NASA Hubble Messier + catalog metadata
deep-sky.json,M90,catalog_onlyから詳細解説へ昇格。距離・観望・科学解説・ハイライトを補完,NASA Hubble Messier + catalog metadata
deep-sky.json,M91,catalog_onlyから詳細解説へ昇格。距離・観望・科学解説・ハイライトを補完,NASA Hubble Messier + catalog metadata
deep-sky.json,M93,catalog_onlyから詳細解説へ昇格。距離・観望・科学解説・ハイライトを補完,NASA Hubble Messier + catalog metadata
deep-sky.json,M94,catalog_onlyから詳細解説へ昇格。距離・観望・科学解説・ハイライトを補完,NASA Hubble Messier + catalog metadata
deep-sky.json,M95,catalog_onlyから詳細解説へ昇格。距離・観望・科学解説・ハイライトを補完,NASA Hubble Messier + catalog metadata
deep-sky.json,M96,catalog_onlyから詳細解説へ昇格。距離・観望・科学解説・ハイライトを補完,NASA Hubble Messier + catalog metadata
deep-sky.json,M97,catalog_onlyから詳細解説へ昇格。距離・観望・科学解説・ハイライトを補完,NASA Hubble Messier + catalog metadata
deep-sky.json,M98,catalog_onlyから詳細解説へ昇格。距離・観望・科学解説・ハイライトを補完,NASA Hubble Messier + catalog metadata
deep-sky.json,M99,catalog_onlyから詳細解説へ昇格。距離・観望・科学解説・ハイライトを補完,NASA Hubble Messier + catalog metadata
deep-sky.json,M100,catalog_onlyから詳細解説へ昇格。距離・観望・科学解説・ハイライトを補完,NASA Hubble Messier + catalog metadata
deep-sky.json,M102,catalog_onlyから詳細解説へ昇格。距離・観望・科学解説・ハイライトを補完,NASA Hubble Messier + catalog metadata
deep-sky.json,M103,catalog_onlyから詳細解説へ昇格。距離・観望・科学解説・ハイライトを補完,NASA Hubble Messier + catalog metadata
deep-sky.json,M105,catalog_onlyから詳細解説へ昇格。距離・観望・科学解説・ハイライトを補完,NASA Hubble Messier + catalog metadata
deep-sky.json,M106,catalog_onlyから詳細解説へ昇格。距離・観望・科学解説・ハイライトを補完,NASA Hubble Messier + catalog metadata
deep-sky.json,M107,catalog_onlyから詳細解説へ昇格。距離・観望・科学解説・ハイライトを補完,NASA Hubble Messier + catalog metadata
deep-sky.json,M108,catalog_onlyから詳細解説へ昇格。距離・観望・科学解説・ハイライトを補完,NASA Hubble Messier + catalog metadata
deep-sky.json,M109,catalog_onlyから詳細解説へ昇格。距離・観望・科学解説・ハイライトを補完,NASA Hubble Messier + catalog metadata
deep-sky.json,M110,catalog_onlyから詳細解説へ昇格。距離・観望・科学解説・ハイライトを補完,NASA Hubble Messier + catalog metadata
constellations.json,UMa,科学と神話を分離した出典・検証メタデータを追加,IAU/国立天文台/Smithsonian Chandra
constellations.json,UMi,科学と神話を分離した出典・検証メタデータを追加,IAU/国立天文台/Smithsonian Chandra
constellations.json,Dra,科学と神話を分離した出典・検証メタデータを追加,IAU/国立天文台/Smithsonian Chandra
constellations.json,Cas,科学と神話を分離した出典・検証メタデータを追加,IAU/国立天文台/Smithsonian Chandra
constellations.json,Cep,科学と神話を分離した出典・検証メタデータを追加,IAU/国立天文台/Smithsonian Chandra
constellations.json,Cam,科学と神話を分離した出典・検証メタデータを追加,IAU/国立天文台/Smithsonian Chandra
constellations.json,Lyn,科学と神話を分離した出典・検証メタデータを追加,IAU/国立天文台/Smithsonian Chandra
constellations.json,Cnc,科学と神話を分離した出典・検証メタデータを追加,IAU/国立天文台/Smithsonian Chandra
constellations.json,Leo,科学と神話を分離した出典・検証メタデータを追加,IAU/国立天文台/Smithsonian Chandra
constellations.json,LMi,科学と神話を分離した出典・検証メタデータを追加,IAU/国立天文台/Smithsonian Chandra
constellations.json,Vir,科学と神話を分離した出典・検証メタデータを追加,IAU/国立天文台/Smithsonian Chandra
constellations.json,Com,科学と神話を分離した出典・検証メタデータを追加,IAU/国立天文台/Smithsonian Chandra
constellations.json,CVn,科学と神話を分離した出典・検証メタデータを追加,IAU/国立天文台/Smithsonian Chandra
constellations.json,Boo,科学と神話を分離した出典・検証メタデータを追加,IAU/国立天文台/Smithsonian Chandra
constellations.json,CrB,科学と神話を分離した出典・検証メタデータを追加,IAU/国立天文台/Smithsonian Chandra
constellations.json,Ser,科学と神話を分離した出典・検証メタデータを追加,IAU/国立天文台/Smithsonian Chandra
constellations.json,Lib,科学と神話を分離した出典・検証メタデータを追加,IAU/国立天文台/Smithsonian Chandra
constellations.json,Hya,科学と神話を分離した出典・検証メタデータを追加,IAU/国立天文台/Smithsonian Chandra
constellations.json,Crt,科学と神話を分離した出典・検証メタデータを追加,IAU/国立天文台/Smithsonian Chandra
constellations.json,Crv,科学と神話を分離した出典・検証メタデータを追加,IAU/国立天文台/Smithsonian Chandra
constellations.json,Ant,科学と神話を分離した出典・検証メタデータを追加,IAU/国立天文台/Smithsonian Chandra
constellations.json,Sex,科学と神話を分離した出典・検証メタデータを追加,IAU/国立天文台/Smithsonian Chandra
constellations.json,Her,科学と神話を分離した出典・検証メタデータを追加,IAU/国立天文台/Smithsonian Chandra
constellations.json,Oph,科学と神話を分離した出典・検証メタデータを追加,IAU/国立天文台/Smithsonian Chandra
constellations.json,Sco,科学と神話を分離した出典・検証メタデータを追加,IAU/国立天文台/Smithsonian Chandra
constellations.json,Sgr,科学と神話を分離した出典・検証メタデータを追加,IAU/国立天文台/Smithsonian Chandra
constellations.json,CrA,科学と神話を分離した出典・検証メタデータを追加,IAU/国立天文台/Smithsonian Chandra
constellations.json,Tel,科学と神話を分離した出典・検証メタデータを追加,IAU/国立天文台/Smithsonian Chandra
constellations.json,Ara,科学と神話を分離した出典・検証メタデータを追加,IAU/国立天文台/Smithsonian Chandra
constellations.json,Sct,科学と神話を分離した出典・検証メタデータを追加,IAU/国立天文台/Smithsonian Chandra
constellations.json,Aql,科学と神話を分離した出典・検証メタデータを追加,IAU/国立天文台/Smithsonian Chandra
constellations.json,Sge,科学と神話を分離した出典・検証メタデータを追加,IAU/国立天文台/Smithsonian Chandra
constellations.json,Vul,科学と神話を分離した出典・検証メタデータを追加,IAU/国立天文台/Smithsonian Chandra
constellations.json,Lyr,科学と神話を分離した出典・検証メタデータを追加,IAU/国立天文台/Smithsonian Chandra
constellations.json,Cyg,科学と神話を分離した出典・検証メタデータを追加,IAU/国立天文台/Smithsonian Chandra
constellations.json,Del,科学と神話を分離した出典・検証メタデータを追加,IAU/国立天文台/Smithsonian Chandra
constellations.json,Equ,科学と神話を分離した出典・検証メタデータを追加,IAU/国立天文台/Smithsonian Chandra
constellations.json,And,科学と神話を分離した出典・検証メタデータを追加,IAU/国立天文台/Smithsonian Chandra
constellations.json,Per,科学と神話を分離した出典・検証メタデータを追加,IAU/国立天文台/Smithsonian Chandra
constellations.json,Peg,科学と神話を分離した出典・検証メタデータを追加,IAU/国立天文台/Smithsonian Chandra
constellations.json,Tri,科学と神話を分離した出典・検証メタデータを追加,IAU/国立天文台/Smithsonian Chandra
constellations.json,Ari,科学と神話を分離した出典・検証メタデータを追加,IAU/国立天文台/Smithsonian Chandra
constellations.json,Psc,科学と神話を分離した出典・検証メタデータを追加,IAU/国立天文台/Smithsonian Chandra
constellations.json,Cet,科学と神話を分離した出典・検証メタデータを追加,IAU/国立天文台/Smithsonian Chandra
constellations.json,Phe,科学と神話を分離した出典・検証メタデータを追加,IAU/国立天文台/Smithsonian Chandra
constellations.json,Scl,科学と神話を分離した出典・検証メタデータを追加,IAU/国立天文台/Smithsonian Chandra
constellations.json,For,科学と神話を分離した出典・検証メタデータを追加,IAU/国立天文台/Smithsonian Chandra
constellations.json,Eri,科学と神話を分離した出典・検証メタデータを追加,IAU/国立天文台/Smithsonian Chandra
constellations.json,Hor,科学と神話を分離した出典・検証メタデータを追加,IAU/国立天文台/Smithsonian Chandra
constellations.json,Cae,科学と神話を分離した出典・検証メタデータを追加,IAU/国立天文台/Smithsonian Chandra
constellations.json,Col,科学と神話を分離した出典・検証メタデータを追加,IAU/国立天文台/Smithsonian Chandra
constellations.json,Lac,科学と神話を分離した出典・検証メタデータを追加,IAU/国立天文台/Smithsonian Chandra
constellations.json,Aqr,科学と神話を分離した出典・検証メタデータを追加,IAU/国立天文台/Smithsonian Chandra
constellations.json,Cap,科学と神話を分離した出典・検証メタデータを追加,IAU/国立天文台/Smithsonian Chandra
constellations.json,PsA,科学と神話を分離した出典・検証メタデータを追加,IAU/国立天文台/Smithsonian Chandra
constellations.json,Mic,科学と神話を分離した出典・検証メタデータを追加,IAU/国立天文台/Smithsonian Chandra
constellations.json,Gru,科学と神話を分離した出典・検証メタデータを追加,IAU/国立天文台/Smithsonian Chandra
constellations.json,Tuc,科学と神話を分離した出典・検証メタデータを追加,IAU/国立天文台/Smithsonian Chandra
constellations.json,Ind,科学と神話を分離した出典・検証メタデータを追加,IAU/国立天文台/Smithsonian Chandra
constellations.json,Pav,科学と神話を分離した出典・検証メタデータを追加,IAU/国立天文台/Smithsonian Chandra
constellations.json,Ori,科学と神話を分離した出典・検証メタデータを追加,IAU/国立天文台/Smithsonian Chandra
constellations.json,Tau,科学と神話を分離した出典・検証メタデータを追加,IAU/国立天文台/Smithsonian Chandra
constellations.json,Gem,科学と神話を分離した出典・検証メタデータを追加,IAU/国立天文台/Smithsonian Chandra
constellations.json,Aur,科学と神話を分離した出典・検証メタデータを追加,IAU/国立天文台/Smithsonian Chandra
constellations.json,CMa,科学と神話を分離した出典・検証メタデータを追加,IAU/国立天文台/Smithsonian Chandra
constellations.json,CMi,科学と神話を分離した出典・検証メタデータを追加,IAU/国立天文台/Smithsonian Chandra
constellations.json,Mon,科学と神話を分離した出典・検証メタデータを追加,IAU/国立天文台/Smithsonian Chandra
constellations.json,Lep,科学と神話を分離した出典・検証メタデータを追加,IAU/国立天文台/Smithsonian Chandra
constellations.json,Pup,科学と神話を分離した出典・検証メタデータを追加,IAU/国立天文台/Smithsonian Chandra
constellations.json,Pyx,科学と神話を分離した出典・検証メタデータを追加,IAU/国立天文台/Smithsonian Chandra
constellations.json,Car,科学と神話を分離した出典・検証メタデータを追加,IAU/国立天文台/Smithsonian Chandra
constellations.json,Vel,科学と神話を分離した出典・検証メタデータを追加,IAU/国立天文台/Smithsonian Chandra
constellations.json,Pic,科学と神話を分離した出典・検証メタデータを追加,IAU/国立天文台/Smithsonian Chandra
constellations.json,Dor,科学と神話を分離した出典・検証メタデータを追加,IAU/国立天文台/Smithsonian Chandra
constellations.json,Ret,科学と神話を分離した出典・検証メタデータを追加,IAU/国立天文台/Smithsonian Chandra
constellations.json,Men,科学と神話を分離した出典・検証メタデータを追加,IAU/国立天文台/Smithsonian Chandra
constellations.json,Cen,科学と神話を分離した出典・検証メタデータを追加,IAU/国立天文台/Smithsonian Chandra
constellations.json,Cru,科学と神話を分離した出典・検証メタデータを追加,IAU/国立天文台/Smithsonian Chandra
constellations.json,Lup,科学と神話を分離した出典・検証メタデータを追加,IAU/国立天文台/Smithsonian Chandra
constellations.json,Nor,科学と神話を分離した出典・検証メタデータを追加,IAU/国立天文台/Smithsonian Chandra
constellations.json,Cir,科学と神話を分離した出典・検証メタデータを追加,IAU/国立天文台/Smithsonian Chandra
constellations.json,Mus,科学と神話を分離した出典・検証メタデータを追加,IAU/国立天文台/Smithsonian Chandra
constellations.json,Cha,科学と神話を分離した出典・検証メタデータを追加,IAU/国立天文台/Smithsonian Chandra
constellations.json,Vol,科学と神話を分離した出典・検証メタデータを追加,IAU/国立天文台/Smithsonian Chandra
constellations.json,TrA,科学と神話を分離した出典・検証メタデータを追加,IAU/国立天文台/Smithsonian Chandra
constellations.json,Hyi,科学と神話を分離した出典・検証メタデータを追加,IAU/国立天文台/Smithsonian Chandra
constellations.json,Oct,科学と神話を分離した出典・検証メタデータを追加,IAU/国立天文台/Smithsonian Chandra
constellations.json,Aps,科学と神話を分離した出典・検証メタデータを追加,IAU/国立天文台/Smithsonian Chandra
cultural_context,Sco,宮沢賢治作品との直接的・保守的対応を追加,青空文庫本文
cultural_context,Aql,宮沢賢治作品との直接的・保守的対応を追加,青空文庫本文
cultural_context,CMi,宮沢賢治作品との直接的・保守的対応を追加,青空文庫本文
cultural_context,Ori,宮沢賢治作品との直接的・保守的対応を追加,青空文庫本文
cultural_context,And,宮沢賢治作品との直接的・保守的対応を追加,青空文庫本文
cultural_context,UMa,宮沢賢治作品との直接的・保守的対応を追加,青空文庫本文
cultural_context,UMi,宮沢賢治作品との直接的・保守的対応を追加,青空文庫本文
cultural_context,Cyg,宮沢賢治作品との直接的・保守的対応を追加,青空文庫本文
cultural_context,Cru,宮沢賢治作品との直接的・保守的対応を追加,青空文庫本文
cultural_context,Lyr,宮沢賢治作品との直接的・保守的対応を追加,青空文庫本文
cultural_context,Antares,宮沢賢治作品との直接的・保守的対応を追加,青空文庫本文
cultural_context,Procyon,宮沢賢治作品との直接的・保守的対応を追加,青空文庫本文
cultural_context,Polaris,宮沢賢治作品との直接的・保守的対応を追加,青空文庫本文
cultural_context,Vega,宮沢賢治作品との直接的・保守的対応を追加,青空文庫本文
cultural_context,M31,宮沢賢治作品との直接的・保守的対応を追加,青空文庫本文
