id,line_source,segment_count,line_star_count,editor_added_star_count,editor_added_star_used_count,editor_added_star_unused_count,unused_editor_added_star_ids,art_adjusted,art_image_override,workflow_status
UMa,edited,19,18,0,0,0,,True,False,done
UMi,edited,6,7,0,0,0,,True,False,done
Dra,v0.7.6_base_adopted,15,15,0,0,0,,True,False,done
Cas,v0.7.6_base_adopted,4,5,0,0,0,,True,False,done
Cep,v0.7.6_base_adopted,6,5,0,0,0,,True,False,done
Cam,v0.7.6_base_adopted,5,5,0,0,0,,True,False,done
Lyn,v0.7.6_base_adopted,7,8,0,0,0,,True,False,done
Cnc,edited,7,7,6,5,1,HIP36514,True,False,done
Leo,edited,15,15,11,9,2,HIP46750;HIP49637,True,False,done
LMi,edited,3,4,0,0,0,,True,False,done
Vir,v0.7.6_base_adopted,12,12,0,0,0,,True,True,done
Com,v0.7.6_base_adopted,2,3,0,0,0,,True,False,done
CVn,v0.7.6_base_adopted,1,2,0,0,0,,True,False,done
Boo,v0.7.6_base_adopted,9,9,0,0,0,,True,False,done
CrB,v0.7.6_base_adopted,6,7,0,0,0,,True,False,done
Ser,v0.7.6_base_adopted,11,12,0,0,0,,True,False,done
Lib,edited,6,7,5,5,0,,True,False,done
Hya,v0.7.6_base_adopted,18,18,0,0,0,,True,False,done
Crt,v0.7.6_base_adopted,9,8,0,0,0,,True,False,done
Crv,v0.7.6_base_adopted,6,6,0,0,0,,True,False,done
Ant,edited,3,4,4,4,0,,True,False,done
Sex,edited,1,2,2,1,1,HIP52863,True,False,done
Her,v0.7.6_base_adopted,18,18,0,0,0,,True,True,done
Oph,v0.7.6_base_adopted,7,7,0,0,0,,True,False,done
Sco,edited,14,16,7,7,0,,True,True,done
Sgr,edited,19,21,5,5,0,,True,False,done
CrA,v0.7.6_base_adopted,9,10,0,0,0,,True,False,done
Tel,edited,5,6,6,6,0,,True,False,done
Ara,v0.7.6_base_adopted,7,7,0,0,0,,True,False,done
Sct,edited,2,3,0,0,0,,True,False,done
Aql,edited,10,11,9,9,0,,True,True,done
Sge,v0.7.6_base_adopted,4,5,0,0,0,,True,False,done
Vul,edited,2,3,2,2,0,,True,True,done
Lyr,edited,6,6,2,2,0,,True,False,done
Cyg,v0.7.6_base_adopted,9,10,0,0,0,,True,False,done
Del,v0.7.6_base_adopted,5,5,0,0,0,,True,False,done
Equ,edited,3,4,2,2,0,,True,False,done
And,edited,15,17,15,15,0,,True,True,done
Per,edited,15,16,17,16,1,Mirfak,True,False,done
Peg,v0.7.6_base_adopted,14,14,0,0,0,,True,True,done
Tri,v0.7.6_base_adopted,3,3,0,0,0,,True,False,done
Ari,edited,4,5,3,3,0,,True,False,done
Psc,v0.7.6_base_adopted,19,18,0,0,0,,True,False,done
Cet,edited,17,17,6,6,0,,True,False,done
Phe,edited,7,7,4,4,0,,True,False,done
Scl,edited,6,6,6,6,0,,True,True,done
For,edited,3,4,5,4,1,HIP15479,True,False,done
Eri,edited,26,27,4,4,0,,True,False,done
Hor,edited,5,6,6,6,0,,True,False,done
Cae,edited,3,4,2,2,0,,True,False,done
Col,v0.7.6_base_adopted,6,7,0,0,0,,True,False,done
Lac,edited,5,6,2,2,0,,True,False,done
Aqr,edited,15,16,12,10,2,Fomalhaut;HIP110672,True,False,done
Cap,edited,11,11,6,6,0,,True,False,done
PsA,edited,7,8,7,7,0,,True,False,done
Mic,edited,4,5,3,3,0,,True,False,done
Gru,edited,8,9,5,5,0,,True,False,done
Tuc,edited,6,6,6,5,1,HIP2487,True,False,done
Ind,edited,4,5,3,3,0,,True,False,done
Pav,edited,10,9,7,7,0,,True,False,done
Ori,edited,19,19,2,2,0,,True,False,done
Tau,edited,21,21,13,13,0,,True,True,done
Gem,edited,13,16,4,4,0,,True,False,done
Aur,edited,8,8,5,5,0,,True,False,done
CMa,edited,18,18,6,6,0,,True,False,done
CMi,v0.7.6_base_adopted,1,2,0,0,0,,True,False,done
Mon,edited,7,8,8,8,0,,True,False,done
Lep,edited,10,10,7,7,0,,True,False,done
Pup,edited,10,8,5,5,0,,True,False,done
Pyx,v0.7.6_base_adopted,2,3,0,0,0,,True,False,done
Car,edited,12,13,12,11,1,HIP39903,True,False,done
Vel,edited,9,9,2,2,0,,True,False,done
Pic,edited,3,4,2,2,0,,True,False,done
Dor,edited,3,4,2,2,0,,True,False,done
Ret,edited,5,5,3,3,0,,True,False,done
Men,edited,6,6,8,6,2,HIP33384;HIP29271,True,False,done
Cen,v0.7.6_base_adopted,16,17,0,0,0,,True,False,done
Cru,v0.7.6_base_adopted,2,4,0,0,0,,True,False,done
Lup,v0.7.6_base_adopted,13,12,0,0,0,,True,False,done
Nor,edited,6,6,5,5,0,,True,False,done
Cir,v0.7.6_base_adopted,2,3,0,0,0,,True,False,done
Mus,edited,5,6,5,5,0,,True,False,done
Cha,edited,4,4,3,3,0,,True,False,done
Vol,edited,6,7,5,5,0,,True,False,done
TrA,v0.7.6_base_adopted,3,3,0,0,0,,True,False,done
Hyi,edited,3,3,2,2,0,,True,False,done
Oct,v0.7.6_base_adopted,3,3,0,0,0,,True,False,done
Aps,edited,3,4,2,2,0,,True,False,done
